Image,target
508.jpg,kathakali
246.jpg,bharatanatyam
473.jpg,odissi
485.jpg,manipuri
128.jpg,odissi
410.jpg,odissi
465.jpg,odissi
196.jpg,bharatanatyam
340.jpg,kathakali
467.jpg,kathakali
306.jpg,kathak
171.jpg,odissi
323.jpg,odissi
332.jpg,bharatanatyam
330.jpg,bharatanatyam
170.jpg,kathakali
479.jpg,odissi
9.jpg,odissi
283.jpg,bharatanatyam
114.jpg,kathakali
507.jpg,kathak
183.jpg,bharatanatyam
200.jpg,odissi
457.jpg,bharatanatyam
264.jpg,kathakali
194.jpg,kathakali
518.jpg,kathakali
175.jpg,kathakali
64.jpg,kathakali
152.jpg,kathakali
270.jpg,kathakali
125.jpg,odissi
38.jpg,kathakali
440.jpg,kathakali
302.jpg,kathakali
394.jpg,kathakali
448.jpg,kathakali
463.jpg,bharatanatyam
20.jpg,kathakali
301.jpg,kathakali
28.jpg,kathakali
61.jpg,kathakali
398.jpg,kathakali
349.jpg,kathakali
271.jpg,kathakali
286.jpg,kathakali
431.jpg,kathakali
316.jpg,mohiniyattam
224.jpg,mohiniyattam
411.jpg,kathakali
278.jpg,mohiniyattam
456.jpg,mohiniyattam
45.jpg,mohiniyattam
324.jpg,mohiniyattam
6.jpg,mohiniyattam
59.jpg,mohiniyattam
86.jpg,manipuri
470.jpg,kathakali
374.jpg,mohiniyattam
132.jpg,bharatanatyam
216.jpg,mohiniyattam
95.jpg,kathakali
17.jpg,mohiniyattam
162.jpg,kathakali
346.jpg,mohiniyattam
439.jpg,mohiniyattam
232.jpg,mohiniyattam
150.jpg,kathak
401.jpg,mohiniyattam
145.jpg,kathakali
23.jpg,mohiniyattam
514.jpg,mohiniyattam
193.jpg,mohiniyattam
416.jpg,kathakali
447.jpg,bharatanatyam
220.jpg,mohiniyattam
505.jpg,odissi
147.jpg,mohiniyattam
210.jpg,kathakali
40.jpg,manipuri
284.jpg,sattriya
55.jpg,mohiniyattam
378.jpg,kathakali
520.jpg,bharatanatyam
484.jpg,kathak
112.jpg,bharatanatyam
360.jpg,kathakali
317.jpg,kathakali
71.jpg,odissi
202.jpg,manipuri
92.jpg,odissi
11.jpg,odissi
67.jpg,odissi
138.jpg,odissi
506.jpg,bharatanatyam
146.jpg,kathak
318.jpg,bharatanatyam
198.jpg,odissi
375.jpg,kathakali
41.jpg,kathak
421.jpg,odissi
129.jpg,mohiniyattam
14.jpg,kathakali
460.jpg,bharatanatyam
34.jpg,mohiniyattam
380.jpg,kathakali
238.jpg,manipuri
392.jpg,kathak
80.jpg,bharatanatyam
517.jpg,kathakali
13.jpg,kuchipudi
189.jpg,kathakali
390.jpg,bharatanatyam
487.jpg,odissi
438.jpg,manipuri
482.jpg,kathakali
206.jpg,mohiniyattam
217.jpg,kathakali
285.jpg,mohiniyattam
385.jpg,kathakali
495.jpg,kathakali
269.jpg,kathak
429.jpg,kathak
291.jpg,kathak
461.jpg,kathakali
256.jpg,kathakali
48.jpg,mohiniyattam
290.jpg,kathakali
437.jpg,odissi
498.jpg,odissi
173.jpg,odissi
280.jpg,kathak
119.jpg,mohiniyattam
363.jpg,odissi
97.jpg,bharatanatyam
414.jpg,bharatanatyam
386.jpg,kathakali
424.jpg,kathakali
157.jpg,bharatanatyam
33.jpg,kathak
354.jpg,bharatanatyam
57.jpg,bharatanatyam
108.jpg,mohiniyattam
239.jpg,odissi
441.jpg,mohiniyattam
215.jpg,manipuri
373.jpg,mohiniyattam
292.jpg,odissi
110.jpg,bharatanatyam
510.jpg,kathakali
275.jpg,manipuri
366.jpg,bharatanatyam
226.jpg,bharatanatyam
35.jpg,sattriya
458.jpg,kathakali
358.jpg,bharatanatyam
